city,area_sqft,bedrooms,bathrooms,age_years,location_score,parking,price
Lucknow,3223,4,3.0,34.0,5,0,9388000.0
Bengaluru,2851,3,4.0,3.0,1,1,14326000.0
Patna,3754,5,3.0,29.0,7,1,9835000.0
Pune,3862,4,3.0,20.0,5,0,14991000.0
Mumbai,2967,1,2.0,30.0,8,1,19940000.0
Patna,1798,2,1.0,18.0,7,0,5867000.0
Lucknow,2596,2,2.0,6.0,8,0,9304000.0
Lucknow,1987,3,3.0,30.0,5,2,7522000.0
Mumbai,2701,2,1.0,25.0,1,1,15087000.0
Bengaluru,3342,5,1.0,18.0,2,2,17248000.0
Bengaluru,1792,2,2.0,,5,1,10499000.0
Patna,2270,3,4.0,13.0,4,2,6466000.0
Pune,659,1,3.0,19.0,8,2,5108000.0
Lucknow,3078,5,,10.0,5,1,10629000.0
Bengaluru,2214,5,3.0,11.0,9,1,15026000.0
Delhi,2108,4,1.0,11.0,2,1,11449000.0
Pune,2363,2,2.0,0.0,4,2,10956000.0
Mumbai,1254,1,1.0,37.0,8,1,10772000.0
Lucknow,2592,4,4.0,9.0,2,1,8553000.0
Pune,3108,3,,6.0,4,0,12872000.0
Lucknow,1723,5,2.0,6.0,8,2,7735000.0
Delhi,959,4,2.0,39.0,6,1,7499000.0
Patna,1853,3,2.0,19.0,8,0,6239000.0
Patna,1195,5,4.0,13.0,6,1,5382000.0
Lucknow,1808,5,2.0,16.0,9,1,8006000.0
Delhi,2693,3,4.0,3.0,9,0,18684000.0
Bengaluru,896,1,2.0,12.0,10,2,9237000.0
Mumbai,3115,1,3.0,9.0,2,2,18836000.0
Mumbai,1286,3,3.0,32.0,6,2,11426000.0
Pune,3631,3,2.0,2.0,2,1,14645000.0
Lucknow,3063,1,4.0,17.0,3,0,9458000.0
Patna,1454,1,3.0,31.0,4,0,4208000.0
,2471,4,4.0,33.0,7,2,15647000.0
Bengaluru,887,4,4.0,20.0,5,0,7070000.0
Bengaluru,849,1,1.0,8.0,9,2,8447000.0
Delhi,3846,3,1.0,,3,2,20368000.0
Mumbai,3308,1,3.0,8.0,7,0,22424000.0
Bengaluru,1040,4,2.0,26.0,8,2,9162000.0
,1489,5,2.0,11.0,10,0,13033000.0
Pune,1191,5,1.0,25.0,3,1,5741000.0
Bengaluru,1883,3,2.0,26.0,8,1,11962000.0
Lucknow,1519,4,2.0,37.0,1,2,4519000.0
Lucknow,1648,5,2.0,14.0,6,1,7310000.0
Delhi,2352,4,3.0,38.0,5,2,13669000.0
Lucknow,1161,3,3.0,16.0,10,1,6283000.0
Lucknow,3589,4,2.0,27.0,8,2,11500000.0
Bengaluru,3046,3,1.0,26.0,10,2,18099000.0
Delhi,3161,5,3.0,32.0,9,2,20336000.0
Pune,1093,3,1.0,18.0,5,1,6545000.0
Mumbai,2978,5,2.0,31.0,8,1,21643000.0
Delhi,3426,1,2.0,14.0,1,2,16654000.0
Mumbai,1113,1,1.0,19.0,6,2,9563000.0
Lucknow,3129,1,2.0,19.0,1,2,8578000.0
Pune,1751,3,2.0,28.0,8,1,9221000.0
Lucknow,3256,4,,24.0,10,2,11808000.0
Lucknow,2174,2,4.0,3.0,7,2,8411000.0
Bengaluru,3307,1,1.0,32.0,9,2,17828000.0
,1015,5,3.0,30.0,3,0,5119000.0
Mumbai,1861,4,3.0,4.0,10,1,17815000.0
Mumbai,1457,4,2.0,38.0,6,2,12510000.0
Pune,1369,3,2.0,26.0,7,2,8657000.0
Bengaluru,1579,3,4.0,3.0,8,2,11768000.0
Pune,1838,1,2.0,19.0,7,0,8213000.0
Lucknow,945,1,1.0,33.0,4,0,2672000.0
Pune,2974,5,2.0,11.0,7,2,13994000.0
Pune,2425,2,2.0,37.0,7,2,11000000.0
Pune,3402,4,2.0,16.0,9,0,15646000.0
Delhi,2967,4,1.0,9.0,5,1,17104000.0
Mumbai,1021,2,1.0,14.0,6,2,9930000.0
Bengaluru,744,2,4.0,20.0,6,0,6153000.0
Delhi,1979,4,1.0,27.0,2,2,10612000.0
Bengaluru,2183,1,3.0,37.0,1,0,9064000.0
Patna,1340,3,3.0,7.0,1,0,3073000.0
Delhi,3237,5,3.0,38.0,7,2,18591000.0
Mumbai,2535,4,4.0,21.0,5,1,17663000.0
Delhi,3117,4,1.0,5.0,9,1,20064000.0
Delhi,881,1,2.0,37.0,8,2,7577000.0
Pune,3352,1,1.0,13.0,2,0,12191000.0
Pune,1221,2,3.0,24.0,2,1,4551000.0
Lucknow,2068,2,3.0,27.0,4,1,5984000.0
Pune,2037,1,4.0,,10,2,11852000.0
Bengaluru,3371,5,2.0,8.0,1,0,15196000.0
Lucknow,1468,1,1.0,27.0,2,1,4483000.0
Mumbai,1342,4,4.0,12.0,1,1,9218000.0
Mumbai,1688,3,3.0,0.0,5,1,14234000.0
Mumbai,1762,4,4.0,0.0,10,2,17765000.0
Lucknow,1135,2,2.0,33.0,7,1,5086000.0
Bengaluru,1117,2,2.0,6.0,5,2,9249000.0
Mumbai,1309,4,2.0,4.0,2,2,9664000.0
Bengaluru,2136,2,3.0,22.0,4,2,11780000.0
Mumbai,1701,4,1.0,4.0,6,2,13964000.0
Pune,1872,1,4.0,26.0,3,1,7735000.0
Bengaluru,3016,1,1.0,21.0,8,0,15887000.0
Bengaluru,1343,4,2.0,25.0,10,2,11259000.0
Delhi,3684,4,2.0,19.0,3,1,18769000.0
Pune,3131,1,3.0,31.0,3,0,11615000.0
Bengaluru,1111,5,3.0,25.0,2,0,6162000.0
Mumbai,1598,1,4.0,16.0,8,0,14028000.0
Mumbai,1142,5,4.0,0.0,5,2,12164000.0
Patna,1454,4,1.0,10.0,3,0,3740000.0
Patna,1779,5,1.0,5.0,3,2,5940000.0
Pune,958,5,4.0,0.0,1,1,5511000.0
Delhi,550,2,2.0,10.0,5,0,6156000.0
Patna,2035,4,1.0,8.0,7,1,6928000.0
Lucknow,2953,2,4.0,3.0,3,2,8967000.0
Lucknow,1560,3,3.0,12.0,1,2,5035000.0
Bengaluru,3511,2,1.0,20.0,5,1,17294000.0
Delhi,1792,3,4.0,7.0,7,1,13610000.0
Mumbai,3652,5,3.0,10.0,4,0,23971000.0
Patna,1325,3,3.0,0.0,3,0,4239000.0
Bengaluru,2387,1,4.0,2.0,2,1,12025000.0
Delhi,3171,2,2.0,6.0,8,1,19052000.0
Delhi,706,4,,18.0,9,0,8883000.0
Pune,3755,3,3.0,26.0,8,2,16230000.0
Mumbai,1777,3,1.0,31.0,6,1,12916000.0
Patna,2242,3,1.0,25.0,8,0,6382000.0
Lucknow,2699,2,4.0,24.0,4,2,8210000.0
Lucknow,2750,3,1.0,37.0,1,0,6525000.0
Bengaluru,582,4,3.0,10.0,4,2,5797000.0
Pune,3535,5,2.0,31.0,8,0,15840000.0
Pune,2682,4,1.0,37.0,7,1,11633000.0
Pune,3995,5,3.0,22.0,10,1,18422000.0
Mumbai,2150,5,4.0,33.0,10,2,18085000.0
Bengaluru,2647,1,2.0,5.0,3,0,13139000.0
Mumbai,2043,2,1.0,35.0,1,2,11278000.0
Bengaluru,3614,2,1.0,22.0,3,1,16540000.0
Delhi,3413,1,1.0,8.0,9,0,19866000.0
Mumbai,3680,1,4.0,2.0,9,1,26016000.0
Mumbai,2264,4,2.0,28.0,1,2,13087000.0
Pune,3270,2,2.0,17.0,2,1,12468000.0
Mumbai,1755,1,1.0,12.0,6,0,12880000.0
Patna,2113,2,2.0,15.0,7,1,6214000.0
Pune,3160,2,4.0,39.0,10,1,13945000.0
Delhi,784,1,2.0,17.0,8,0,6862000.0
Pune,2986,1,3.0,3.0,3,0,11773000.0
Mumbai,555,4,1.0,11.0,1,2,5883000.0
Patna,2532,5,1.0,5.0,7,0,7710000.0
Bengaluru,2170,3,3.0,27.0,6,1,11983000.0
Lucknow,2140,4,1.0,32.0,10,2,8550000.0
Mumbai,2230,5,2.0,33.0,6,0,16053000.0
Bengaluru,2221,5,2.0,25.0,6,1,13478000.0
Bengaluru,1925,1,1.0,30.0,4,0,9452000.0
Patna,2079,5,3.0,16.0,1,2,4491000.0
Pune,2488,1,4.0,25.0,9,1,12037000.0
Bengaluru,3172,1,1.0,4.0,9,2,17801000.0
Delhi,2432,3,4.0,21.0,2,2,12726000.0
Delhi,2748,4,3.0,22.0,8,1,17301000.0
Bengaluru,3428,1,3.0,1.0,4,0,17144000.0
Bengaluru,3963,2,1.0,21.0,5,1,18538000.0
Mumbai,880,2,4.0,28.0,9,0,10400000.0
Lucknow,2995,2,1.0,14.0,9,1,10533000.0
Patna,1288,5,4.0,21.0,2,0,3887000.0
Mumbai,1188,2,3.0,11.0,4,2,9788000.0
Pune,3275,2,2.0,10.0,9,1,14549000.0
Mumbai,740,1,1.0,5.0,10,0,10366000.0
Pune,3467,1,3.0,13.0,1,2,12122000.0
Delhi,3196,1,1.0,32.0,9,2,18723000.0
Pune,3981,3,3.0,37.0,5,1,15340000.0
Lucknow,2837,3,4.0,25.0,6,0,9145000.0
Lucknow,3555,3,2.0,24.0,1,1,8982000.0
Mumbai,914,5,1.0,24.0,7,1,10074000.0
Patna,3614,3,1.0,19.0,7,2,9788000.0
Delhi,1061,1,1.0,16.0,7,0,7518000.0
Mumbai,1600,2,1.0,24.0,8,2,13665000.0
Pune,948,2,1.0,31.0,10,0,6510000.0
Bengaluru,1905,5,3.0,16.0,9,0,13266000.0
Lucknow,3121,2,2.0,,8,1,10540000.0
Lucknow,1438,1,4.0,18.0,10,0,5760000.0
Delhi,3377,4,4.0,11.0,7,1,20458000.0
Patna,2622,3,,11.0,7,1,8364000.0
Delhi,2701,1,3.0,3.0,6,0,16260000.0
Bengaluru,3785,4,2.0,17.0,8,2,21006000.0
Delhi,2011,2,4.0,28.0,1,0,9672000.0
Patna,1706,5,1.0,27.0,6,2,5269000.0
Mumbai,3980,5,2.0,39.0,5,2,24991000.0
Mumbai,2449,2,2.0,1.0,10,1,20373000.0
Bengaluru,2651,3,3.0,30.0,1,0,11617000.0
Patna,1537,3,3.0,31.0,7,2,5432000.0
Patna,1254,4,4.0,17.0,2,0,4471000.0
Lucknow,1094,1,4.0,11.0,9,0,5530000.0
Patna,1282,2,2.0,14.0,9,2,4689000.0
Patna,1183,1,4.0,27.0,3,1,2805000.0
Bengaluru,3113,4,1.0,34.0,9,2,17951000.0
Delhi,702,1,4.0,25.0,5,0,5612000.0
Lucknow,2702,3,1.0,20.0,10,1,10149000.0
Pune,3822,4,4.0,26.0,8,2,16651000.0
Bengaluru,3179,5,2.0,2.0,1,2,16328000.0
Mumbai,1910,2,4.0,24.0,3,1,12633000.0
Lucknow,707,1,1.0,1.0,5,2,3411000.0
Delhi,3419,4,2.0,38.0,3,0,16761000.0
Patna,511,1,4.0,35.0,2,1,1070000.0
Delhi,2884,1,1.0,20.0,10,0,18129000.0
Mumbai,2848,5,2.0,14.0,9,2,22509000.0
Lucknow,1171,5,1.0,29.0,5,2,5152000.0
Mumbai,3089,4,,25.0,3,2,19314000.0
Mumbai,1114,5,2.0,28.0,2,2,8294000.0
Pune,1289,1,3.0,20.0,10,0,7921000.0
Patna,3341,1,,9.0,4,1,8575000.0
Delhi,3926,2,1.0,2.0,1,2,19118000.0
Delhi,1426,1,1.0,11.0,4,0,8076000.0
Lucknow,3724,5,4.0,21.0,5,1,11783000.0
Patna,3696,1,4.0,16.0,7,2,9946000.0
Bengaluru,3192,3,1.0,20.0,4,1,16336000.0
Mumbai,990,5,1.0,11.0,10,2,13266000.0
Mumbai,1547,4,1.0,37.0,7,1,12721000.0
Delhi,2871,2,4.0,14.0,10,1,19002000.0
Mumbai,3997,3,3.0,33.0,4,1,23682000.0
Pune,3350,3,4.0,15.0,7,1,14465000.0
Mumbai,1970,4,2.0,17.0,4,2,14120000.0
Bengaluru,1323,3,3.0,24.0,7,2,9230000.0
Pune,3861,2,1.0,10.0,8,0,16455000.0
Pune,1466,4,3.0,8.0,4,2,7979000.0
Delhi,1697,5,3.0,15.0,10,1,14246000.0
Lucknow,3875,3,2.0,32.0,9,1,11459000.0
Lucknow,2465,1,3.0,5.0,9,0,9753000.0
,1426,3,3.0,17.0,3,1,4707000.0
Mumbai,518,5,2.0,26.0,8,1,9440000.0
Mumbai,2004,5,1.0,28.0,2,1,12377000.0
Patna,3951,3,1.0,17.0,2,0,8684000.0
Bengaluru,2013,1,4.0,3.0,10,2,13541000.0
Delhi,2948,3,2.0,0.0,2,1,15878000.0
Bengaluru,1385,5,2.0,18.0,9,1,10892000.0
Pune,3214,5,3.0,32.0,5,0,12895000.0
Patna,3215,1,2.0,1.0,4,0,7482000.0
Delhi,2629,2,2.0,35.0,1,2,12634000.0
Patna,3201,3,3.0,27.0,7,0,8760000.0
Mumbai,2525,1,3.0,0.0,8,2,20261000.0
Pune,1824,5,3.0,13.0,5,2,9291000.0
Pune,3082,1,1.0,8.0,9,1,13996000.0
Mumbai,3422,4,2.0,37.0,4,2,20822000.0
Mumbai,3443,5,2.0,22.0,6,1,23215000.0
Bengaluru,1245,4,3.0,12.0,3,2,8137000.0
Patna,2868,4,1.0,11.0,6,0,8019000.0
Pune,515,2,1.0,22.0,2,1,2950000.0
Patna,2501,5,4.0,0.0,5,1,7946000.0
Lucknow,2499,3,3.0,10.0,6,2,8531000.0
Bengaluru,1772,1,4.0,6.0,6,0,11287000.0
Lucknow,3979,2,2.0,24.0,5,2,11668000.0
Mumbai,3590,2,4.0,26.0,7,0,23412000.0
Mumbai,635,3,2.0,18.0,6,0,7291000.0
Lucknow,1230,2,3.0,5.0,3,1,4420000.0
Lucknow,1227,3,1.0,14.0,3,0,4845000.0
Delhi,3641,3,4.0,33.0,7,1,20427000.0
Bengaluru,2316,2,2.0,8.0,10,2,15398000.0
Pune,3051,4,4.0,6.0,8,2,14756000.0
Patna,3334,2,2.0,4.0,7,0,9837000.0
Pune,3186,4,4.0,32.0,10,1,15518000.0
Bengaluru,811,2,2.0,4.0,9,1,8239000.0
Bengaluru,991,5,1.0,23.0,6,0,7584000.0
Bengaluru,1883,2,1.0,39.0,2,1,8276000.0
Pune,1684,1,3.0,25.0,7,1,8331000.0
Patna,3114,1,1.0,16.0,7,2,8034000.0
Bengaluru,1046,5,2.0,8.0,3,0,7457000.0
Delhi,1800,5,3.0,0.0,9,0,15068000.0
Delhi,1328,2,2.0,6.0,9,2,11074000.0
Lucknow,1160,4,1.0,38.0,4,2,3851000.0
Lucknow,1104,3,3.0,5.0,5,0,4714000.0
Mumbai,1184,1,3.0,0.0,2,0,8350000.0
Mumbai,2475,3,3.0,32.0,2,1,15595000.0
Pune,1935,4,4.0,16.0,3,2,9348000.0
Mumbai,2023,5,1.0,14.0,4,0,14836000.0
Lucknow,2177,5,2.0,28.0,3,0,6690000.0
Delhi,3093,1,1.0,20.0,2,2,14908000.0
Mumbai,3516,2,4.0,36.0,5,2,21579000.0
Patna,2342,3,3.0,18.0,7,2,7374000.0
Mumbai,2747,1,1.0,28.0,4,2,16914000.0
Delhi,3084,3,3.0,35.0,6,2,17762000.0
Mumbai,2916,1,1.0,18.0,3,0,16902000.0
Mumbai,969,1,2.0,11.0,8,0,9979000.0
Mumbai,3940,1,3.0,38.0,7,0,24269000.0
Mumbai,1076,2,3.0,9.0,10,0,12753000.0
Mumbai,1941,4,4.0,1.0,1,2,13336000.0
Mumbai,2784,1,3.0,23.0,9,1,20455000.0
Pune,1911,5,4.0,39.0,4,0,8460000.0
Pune,1350,2,3.0,3.0,1,0,5347000.0
Bengaluru,3731,1,1.0,33.0,7,0,17333000.0
Delhi,750,2,1.0,33.0,2,1,4024000.0
Bengaluru,1360,4,4.0,37.0,2,1,7876000.0
Patna,3975,1,1.0,16.0,10,0,11124000.0
Patna,3054,1,2.0,10.0,3,2,7580000.0
Mumbai,804,5,1.0,20.0,6,0,9562000.0
Delhi,3141,3,2.0,5.0,3,1,16881000.0
Delhi,3893,2,3.0,33.0,2,1,18870000.0
Delhi,842,4,1.0,26.0,1,1,4766000.0
Pune,1949,5,2.0,19.0,1,2,8007000.0
Bengaluru,2138,2,4.0,20.0,5,2,12012000.0
Mumbai,958,3,1.0,28.0,5,0,7263000.0
Bengaluru,1201,1,1.0,20.0,1,1,5900000.0
Bengaluru,1108,2,2.0,33.0,4,0,5952000.0
Mumbai,1148,3,4.0,36.0,3,1,8164000.0
Lucknow,1912,1,2.0,37.0,6,1,5724000.0
Mumbai,2123,5,3.0,24.0,10,1,18652000.0
Patna,1332,5,1.0,29.0,7,0,5286000.0
Mumbai,1513,2,3.0,12.0,10,0,15356000.0
Lucknow,1172,2,1.0,1.0,2,0,3358000.0
Patna,3286,1,3.0,16.0,3,0,7572000.0
Patna,1241,3,1.0,34.0,8,1,4059000.0
Lucknow,3676,1,4.0,5.0,4,2,11459000.0
Lucknow,2385,2,2.0,21.0,9,0,8644000.0
Pune,3309,3,1.0,7.0,5,0,13349000.0
Lucknow,2727,4,2.0,17.0,3,1,8396000.0
Mumbai,1431,3,1.0,5.0,9,2,14276000.0
Bengaluru,2604,2,1.0,29.0,6,0,13894000.0
Bengaluru,1459,4,3.0,32.0,9,0,10909000.0
Patna,914,4,2.0,30.0,5,1,3609000.0
Bengaluru,1391,4,2.0,28.0,2,1,6544000.0
Bengaluru,1464,3,4.0,9.0,7,2,11008000.0
Pune,972,5,1.0,21.0,2,0,5429000.0
Delhi,582,2,2.0,4.0,7,0,7296000.0
Mumbai,3803,5,1.0,14.0,5,1,24183000.0
Bengaluru,2296,2,2.0,20.0,8,1,13569000.0
Bengaluru,1907,2,2.0,26.0,9,2,12074000.0
Delhi,3754,3,1.0,3.0,5,1,21089000.0
Bengaluru,1286,3,1.0,32.0,9,1,9642000.0
Bengaluru,1910,4,4.0,18.0,2,0,9898000.0
Delhi,3463,2,1.0,35.0,2,0,15918000.0
Bengaluru,2712,5,4.0,21.0,10,2,16860000.0
Pune,1897,2,4.0,21.0,6,0,8580000.0
Delhi,1395,3,2.0,27.0,5,1,9166000.0
Patna,622,5,2.0,32.0,2,2,2607000.0
Patna,797,3,,6.0,3,2,2592000.0
Bengaluru,1066,4,4.0,20.0,7,0,8664000.0
Delhi,3253,5,1.0,1.0,9,0,20999000.0
Bengaluru,2737,5,4.0,18.0,10,2,17482000.0
Lucknow,2017,3,4.0,32.0,5,2,7035000.0
Pune,3240,3,1.0,34.0,5,0,12553000.0
Lucknow,1062,1,1.0,11.0,2,1,3992000.0
,1238,3,3.0,15.0,1,0,6447000.0
Pune,1874,5,1.0,22.0,5,2,9081000.0
Delhi,3710,3,3.0,15.0,6,2,21216000.0
Lucknow,2649,2,1.0,,2,0,7062000.0
Delhi,3478,1,3.0,12.0,5,1,18560000.0
Pune,1368,2,1.0,16.0,7,1,7281000.0
Patna,3469,2,1.0,20.0,9,0,9276000.0
Mumbai,753,5,1.0,36.0,10,0,10421000.0
Pune,1296,3,1.0,21.0,4,2,6583000.0
Mumbai,2330,1,3.0,15.0,4,1,15050000.0
Lucknow,676,1,1.0,26.0,9,0,3884000.0
Mumbai,3503,5,4.0,30.0,7,0,24535000.0
Patna,3535,5,3.0,17.0,3,1,8621000.0
Mumbai,2395,4,2.0,19.0,7,2,18426000.0
Patna,1570,1,4.0,8.0,2,1,4152000.0
Lucknow,846,1,3.0,34.0,5,2,3469000.0
Pune,2666,1,3.0,34.0,4,1,9659000.0
Lucknow,2381,4,1.0,6.0,10,2,10157000.0
Lucknow,3159,4,3.0,13.0,1,2,8981000.0
Patna,2608,5,3.0,10.0,9,0,8693000.0
Delhi,949,1,4.0,36.0,3,0,5122000.0
Pune,926,1,2.0,2.0,1,2,4080000.0
Mumbai,3232,5,3.0,8.0,7,2,24383000.0
Pune,1056,5,2.0,12.0,7,0,7544000.0
Mumbai,3784,4,1.0,22.0,2,1,22332000.0
Pune,870,1,1.0,9.0,1,2,4024000.0
Pune,3049,1,4.0,21.0,2,2,11410000.0
Bengaluru,3913,1,3.0,29.0,5,0,18434000.0
Bengaluru,2044,4,2.0,33.0,2,2,10026000.0
Lucknow,698,5,3.0,3.0,8,1,5527000.0
Lucknow,3568,4,1.0,5.0,1,2,10004000.0
Bengaluru,1155,2,1.0,3.0,8,0,9638000.0
Pune,2346,4,3.0,36.0,9,1,11504000.0
Patna,3945,1,3.0,26.0,8,0,10024000.0
Mumbai,3106,5,4.0,21.0,10,1,24589000.0
Mumbai,662,5,4.0,31.0,10,0,10570000.0
Mumbai,3371,4,2.0,23.0,1,1,19568000.0
Pune,1064,5,4.0,9.0,4,2,6871000.0
Bengaluru,3122,3,2.0,20.0,8,1,17760000.0
Lucknow,2673,3,4.0,28.0,4,0,7926000.0
Pune,1507,2,1.0,1.0,8,1,8673000.0
Delhi,1982,5,1.0,24.0,8,1,13795000.0
Patna,912,4,1.0,19.0,10,2,5027000.0
Lucknow,3953,1,4.0,2.0,4,0,11574000.0
Delhi,1334,5,1.0,10.0,4,0,9921000.0
Bengaluru,1580,1,4.0,17.0,1,1,7639000.0
Delhi,2260,3,3.0,13.0,3,2,12978000.0
Mumbai,2853,1,1.0,11.0,3,1,17199000.0
Mumbai,2268,4,4.0,25.0,5,0,15699000.0
Patna,2267,3,1.0,16.0,5,0,5763000.0
Bengaluru,2539,3,1.0,19.0,9,2,15346000.0
Bengaluru,3501,4,3.0,31.0,8,2,19729000.0
Lucknow,1882,4,2.0,3.0,8,0,7760000.0
Pune,3412,2,2.0,14.0,1,0,12003000.0
Patna,3254,5,1.0,2.0,5,0,9190000.0
Lucknow,3863,3,3.0,37.0,8,1,12604000.0
Bengaluru,3696,1,1.0,7.0,3,2,17980000.0
Bengaluru,3293,1,1.0,32.0,5,0,15062000.0
Patna,1363,2,3.0,7.0,8,2,5153000.0
Lucknow,3210,4,2.0,12.0,8,0,11550000.0
Patna,3077,3,3.0,24.0,9,2,9066000.0
Mumbai,1513,2,1.0,33.0,5,0,10226000.0
Patna,2872,3,3.0,7.0,4,2,7996000.0
Pune,1385,5,4.0,8.0,4,1,8162000.0
Mumbai,2330,3,2.0,35.0,7,0,16119000.0
Pune,3288,1,2.0,12.0,5,0,13092000.0
Pune,1159,1,3.0,8.0,5,2,6811000.0
Mumbai,1679,3,3.0,29.0,2,1,10398000.0
Bengaluru,3283,3,1.0,3.0,5,1,17235000.0
Lucknow,2088,5,3.0,34.0,3,2,6411000.0
Delhi,3862,3,1.0,35.0,6,1,19830000.0
Bengaluru,527,4,3.0,34.0,9,1,6756000.0
Bengaluru,3026,3,4.0,11.0,8,1,17909000.0
Delhi,3349,2,3.0,4.0,5,0,18347000.0
Patna,3712,4,4.0,,10,0,10460000.0
Lucknow,1048,4,2.0,13.0,10,0,6003000.0
Mumbai,3944,4,4.0,38.0,5,1,24343000.0
Patna,1872,1,4.0,25.0,8,1,6035000.0
Patna,1732,4,4.0,37.0,4,2,5424000.0
Delhi,1744,2,3.0,30.0,9,2,12601000.0
Lucknow,2733,4,3.0,28.0,4,0,8310000.0
Mumbai,2807,4,3.0,4.0,3,2,19358000.0
Patna,2158,4,4.0,2.0,2,2,5419000.0
Pune,748,5,4.0,1.0,9,1,7867000.0
Pune,3953,3,2.0,23.0,3,1,15946000.0
Mumbai,1277,1,1.0,8.0,9,0,12109000.0
Patna,828,4,1.0,39.0,1,0,1881000.0
Mumbai,2590,4,1.0,5.0,6,0,18970000.0
Delhi,1943,1,1.0,37.0,5,1,10953000.0
Mumbai,2654,1,1.0,26.0,5,1,16969000.0
Lucknow,3564,2,1.0,4.0,2,0,9145000.0
Delhi,840,5,4.0,2.0,1,0,6728000.0
Patna,1494,3,1.0,15.0,4,0,5196000.0
Pune,2308,5,3.0,,5,1,11195000.0
Mumbai,3257,5,2.0,12.0,8,2,23839000.0
Mumbai,2602,3,1.0,21.0,5,1,17447000.0
Mumbai,1839,4,3.0,5.0,3,0,13012000.0
Pune,2635,2,4.0,5.0,3,0,11271000.0
Lucknow,3929,1,4.0,27.0,7,0,11461000.0
Delhi,2180,2,4.0,39.0,5,2,12520000.0
Lucknow,3592,3,3.0,10.0,10,2,12361000.0
Mumbai,3229,1,3.0,37.0,5,0,19144000.0
Lucknow,1554,2,1.0,13.0,6,0,6232000.0
Patna,1373,1,4.0,13.0,1,0,3411000.0
Lucknow,3195,4,3.0,3.0,2,2,9642000.0
Pune,1226,5,2.0,16.0,9,0,7967000.0
Lucknow,1678,5,2.0,19.0,4,2,5612000.0
Mumbai,1323,2,3.0,26.0,5,1,9944000.0
Delhi,2622,3,1.0,6.0,6,0,15578000.0
Mumbai,1529,5,4.0,7.0,1,2,12097000.0
Bengaluru,2804,3,2.0,17.0,6,1,15128000.0
Lucknow,3771,2,1.0,2.0,4,2,11826000.0
Pune,3403,2,2.0,5.0,2,0,12521000.0
Patna,3817,4,4.0,25.0,5,1,9661000.0
Mumbai,585,3,2.0,38.0,5,1,5660000.0
Lucknow,2094,5,3.0,22.0,2,1,7028000.0
Delhi,1270,5,4.0,5.0,6,0,11472000.0
Delhi,3712,1,1.0,39.0,8,1,19045000.0
Lucknow,2991,4,4.0,,3,2,9198000.0
Patna,1620,2,2.0,28.0,10,2,6275000.0
Pune,2472,3,3.0,7.0,7,0,11261000.0
Mumbai,2619,2,1.0,,8,2,19157000.0
Pune,2234,2,1.0,3.0,1,2,9188000.0
Mumbai,2160,2,4.0,25.0,8,0,16563000.0
Patna,693,1,4.0,8.0,4,0,2908000.0
Lucknow,2083,4,4.0,36.0,8,2,8637000.0
Mumbai,1718,1,3.0,2.0,9,0,15921000.0
Mumbai,3363,2,2.0,26.0,3,0,19560000.0
Delhi,3527,1,1.0,5.0,3,1,17607000.0
Patna,3126,1,2.0,27.0,1,1,6404000.0
Bengaluru,608,2,3.0,19.0,7,1,6698000.0
Lucknow,3444,5,2.0,38.0,8,1,10755000.0
Pune,1887,5,2.0,26.0,5,2,9120000.0
Pune,1957,2,1.0,14.0,2,2,7895000.0
Mumbai,3808,3,2.0,3.0,4,0,23816000.0
Patna,3535,5,1.0,23.0,5,0,9055000.0
Delhi,678,2,1.0,17.0,10,0,8887000.0
Pune,1759,5,1.0,2.0,2,1,8052000.0
Pune,3123,1,3.0,23.0,4,1,11943000.0
Pune,2385,2,2.0,8.0,7,2,11777000.0
Patna,1401,2,1.0,9.0,3,1,4035000.0
Mumbai,2336,1,3.0,0.0,9,0,19125000.0
Bengaluru,3533,5,1.0,14.0,10,2,21001000.0
Bengaluru,1281,5,1.0,,4,0,8473000.0
Bengaluru,3111,2,1.0,2.0,8,2,17197000.0
Mumbai,3071,5,2.0,17.0,8,2,22449000.0
Mumbai,3599,4,4.0,8.0,7,2,25116000.0
Delhi,1542,5,1.0,5.0,2,2,10073000.0
Delhi,1255,5,2.0,18.0,1,0,6890000.0
Bengaluru,2416,3,1.0,2.0,4,1,13617000.0
Pune,2359,1,2.0,39.0,2,1,8195000.0
Pune,1933,5,3.0,18.0,3,1,8761000.0
Bengaluru,3227,4,2.0,39.0,7,2,16956000.0
,3296,5,3.0,35.0,6,1,17713000.0
Delhi,1359,5,4.0,39.0,3,0,8055000.0
Pune,3284,1,4.0,21.0,1,2,11595000.0
Delhi,1307,3,3.0,16.0,3,1,8847000.0
Mumbai,1926,1,3.0,28.0,5,2,13524000.0
Bengaluru,595,1,4.0,3.0,8,0,6924000.0
Bengaluru,1691,5,4.0,33.0,4,2,10559000.0
Delhi,3854,5,2.0,12.0,3,0,20213000.0
Pune,2048,5,1.0,0.0,6,1,10699000.0
Pune,2985,5,1.0,9.0,1,2,11538000.0
Lucknow,877,4,4.0,9.0,3,1,4829000.0
Pune,2724,3,3.0,0.0,1,0,10462000.0
Pune,1800,5,2.0,26.0,6,2,9821000.0
Delhi,3103,3,2.0,3.0,5,2,17939000.0
Lucknow,3748,4,2.0,33.0,6,0,11541000.0
Pune,2360,2,4.0,18.0,7,0,11223000.0
Bengaluru,859,4,3.0,28.0,4,0,6499000.0
Pune,2166,5,4.0,13.0,9,0,11610000.0
Bengaluru,930,4,2.0,5.0,10,1,10380000.0
Bengaluru,2073,3,2.0,7.0,2,0,11250000.0
Lucknow,714,1,1.0,25.0,10,2,4404000.0
Patna,2741,1,4.0,28.0,2,0,6203000.0
Patna,1586,4,3.0,10.0,3,1,4617000.0
Bengaluru,1205,4,3.0,14.0,6,1,9080000.0
Bengaluru,560,4,2.0,37.0,1,1,3798000.0
Lucknow,3608,5,2.0,34.0,4,0,10172000.0
Delhi,3430,3,4.0,16.0,2,1,17325000.0
Lucknow,3341,5,2.0,9.0,5,1,11382000.0
Bengaluru,703,4,3.0,12.0,9,1,8736000.0
Mumbai,1723,2,1.0,21.0,10,2,16169000.0
Mumbai,3899,5,2.0,22.0,3,1,23891000.0
Lucknow,2525,1,4.0,7.0,6,1,8617000.0
Mumbai,949,3,1.0,2.0,5,0,8940000.0
Delhi,993,5,1.0,19.0,5,0,7931000.0
Delhi,1420,4,4.0,31.0,7,1,10149000.0
Mumbai,3903,5,2.0,6.0,10,1,29060000.0
Delhi,1093,1,2.0,16.0,5,2,7954000.0
Lucknow,3660,3,3.0,6.0,1,2,10472000.0
Mumbai,2873,4,1.0,9.0,10,0,22168000.0
Lucknow,3726,4,1.0,24.0,10,1,12199000.0
Patna,3391,5,1.0,11.0,4,1,9022000.0
Bengaluru,1662,3,1.0,10.0,6,0,9976000.0
Mumbai,3397,4,1.0,39.0,9,1,23562000.0
Pune,1091,3,3.0,6.0,6,1,7704000.0
Mumbai,1518,5,2.0,7.0,5,0,13469000.0
Bengaluru,1241,1,1.0,37.0,10,1,8503000.0
Patna,966,2,1.0,22.0,9,2,4068000.0
Patna,815,1,2.0,1.0,6,0,3520000.0
Lucknow,1155,4,4.0,16.0,2,1,4353000.0
Delhi,920,2,2.0,22.0,5,0,6176000.0
Pune,1831,2,1.0,10.0,7,0,9131000.0
Lucknow,749,5,1.0,21.0,3,2,3499000.0
Bengaluru,714,2,2.0,25.0,6,1,6616000.0
Pune,3964,1,1.0,10.0,7,0,15834000.0
Mumbai,806,1,4.0,32.0,1,1,5324000.0
Delhi,759,2,4.0,18.0,6,0,6525000.0
Bengaluru,605,5,2.0,38.0,8,1,6441000.0
Mumbai,963,3,,3.0,3,0,8995000.0
Mumbai,2347,5,2.0,12.0,6,1,18356000.0
Lucknow,3395,2,1.0,28.0,8,1,10353000.0
Patna,3072,2,4.0,35.0,1,1,6801000.0
Pune,2530,1,4.0,8.0,7,1,11293000.0
Lucknow,797,2,2.0,39.0,3,0,2454000.0
Patna,3210,3,3.0,7.0,4,0,8523000.0
Mumbai,630,5,1.0,16.0,7,0,8557000.0
Bengaluru,2708,2,3.0,12.0,1,1,12651000.0
Bengaluru,1932,4,3.0,16.0,1,1,9534000.0
Mumbai,3587,4,3.0,36.0,5,2,22770000.0
Lucknow,1576,2,3.0,29.0,10,0,7318000.0
Bengaluru,2734,5,3.0,31.0,1,0,12836000.0
Bengaluru,2039,3,3.0,10.0,8,2,13328000.0
Mumbai,2327,1,4.0,37.0,1,2,12944000.0
,3785,5,1.0,17.0,5,2,20390000.0
Patna,2994,5,2.0,26.0,5,0,7500000.0
Mumbai,1950,1,2.0,27.0,5,0,13254000.0
Delhi,2065,5,3.0,26.0,1,0,10817000.0
Delhi,2965,5,1.0,24.0,8,0,18617000.0
Bengaluru,1711,5,2.0,19.0,3,2,10100000.0
Pune,1087,2,4.0,25.0,8,2,7186000.0
Bengaluru,2136,4,1.0,36.0,7,2,12826000.0
Mumbai,738,3,3.0,15.0,6,2,8092000.0
Delhi,1093,4,3.0,20.0,4,1,8184000.0
Lucknow,1972,4,2.0,7.0,7,1,7756000.0
Pune,3288,4,1.0,14.0,10,2,16212000.0
Pune,3234,3,1.0,30.0,10,2,15128000.0
Pune,1412,4,2.0,25.0,10,1,8626000.0
Lucknow,1976,3,1.0,8.0,3,2,6962000.0
Mumbai,1037,1,1.0,21.0,6,1,8741000.0
Bengaluru,3143,1,1.0,32.0,4,1,14189000.0
Bengaluru,1362,5,1.0,4.0,10,2,12269000.0
Delhi,3298,5,4.0,2.0,10,1,22032000.0
Lucknow,3447,3,3.0,15.0,9,2,12451000.0
Bengaluru,2911,1,1.0,26.0,2,1,12975000.0
Lucknow,1655,4,3.0,12.0,4,0,6097000.0
Patna,3835,1,1.0,32.0,8,0,9809000.0
Bengaluru,2901,2,2.0,33.0,8,1,16114000.0
Patna,2760,2,1.0,21.0,4,1,7079000.0
Pune,3497,1,1.0,15.0,2,1,13081000.0
Patna,3585,5,1.0,1.0,2,2,9238000.0
Delhi,772,3,2.0,32.0,7,0,6941000.0
Bengaluru,3585,2,2.0,35.0,5,0,17388000.0
Bengaluru,3177,3,2.0,17.0,5,2,16634000.0
Mumbai,1222,1,3.0,20.0,9,1,12042000.0
Bengaluru,1576,3,3.0,30.0,1,1,8212000.0
Patna,3134,3,3.0,27.0,8,0,9163000.0
Pune,1258,2,3.0,5.0,3,1,6246000.0
Mumbai,2083,5,3.0,26.0,10,1,18257000.0
Delhi,2911,2,2.0,36.0,10,1,18177000.0
Delhi,2776,1,1.0,30.0,6,0,14909000.0
Mumbai,3684,3,2.0,19.0,4,1,22968000.0
Patna,890,5,1.0,20.0,3,1,3009000.0
Bengaluru,1532,2,4.0,10.0,2,0,8395000.0
Delhi,3947,1,2.0,26.0,10,0,22139000.0
Pune,2490,5,4.0,9.0,2,2,10720000.0
Mumbai,1370,3,4.0,13.0,5,2,12188000.0
Delhi,1514,1,2.0,10.0,5,1,9820000.0
Lucknow,1687,4,4.0,13.0,7,2,7139000.0
Pune,2439,2,2.0,14.0,9,2,12459000.0
Patna,1495,5,1.0,3.0,6,0,5724000.0
Pune,2676,2,1.0,28.0,8,1,12175000.0
Bengaluru,2058,3,,17.0,6,2,12139000.0
Lucknow,2636,3,4.0,37.0,5,0,8397000.0
Patna,1042,2,2.0,7.0,2,2,3239000.0
Lucknow,2682,3,2.0,26.0,3,0,7307000.0
Patna,3736,1,2.0,7.0,5,0,9405000.0
Lucknow,972,4,2.0,21.0,1,1,3369000.0
Patna,1646,4,4.0,19.0,4,1,5981000.0
Mumbai,2927,5,4.0,17.0,5,0,20936000.0
Lucknow,2660,2,1.0,26.0,5,0,8185000.0
Bengaluru,2861,2,3.0,33.0,9,1,16281000.0
Pune,2458,3,2.0,12.0,10,0,12564000.0
Pune,2889,4,1.0,33.0,8,2,12710000.0
Patna,2632,5,4.0,7.0,1,2,6347000.0
Patna,759,1,1.0,11.0,5,0,2447000.0
Delhi,3129,2,1.0,12.0,8,1,18433000.0
Lucknow,2063,2,1.0,38.0,6,0,5695000.0
Lucknow,680,2,2.0,4.0,5,1,3494000.0
Delhi,1931,3,3.0,15.0,5,2,12380000.0
Mumbai,2023,5,2.0,16.0,5,0,15133000.0
Mumbai,803,1,1.0,32.0,6,0,6548000.0
Lucknow,3986,5,1.0,19.0,2,0,11046000.0
Bengaluru,1278,4,4.0,38.0,6,2,9616000.0
Patna,1657,4,4.0,29.0,3,0,4803000.0
Bengaluru,2043,4,4.0,28.0,7,1,12629000.0
Patna,3413,1,3.0,30.0,9,1,9138000.0
Bengaluru,3100,4,3.0,6.0,6,0,17225000.0
Lucknow,3198,2,4.0,17.0,4,0,9280000.0
Mumbai,1329,3,3.0,23.0,10,0,13233000.0
Pune,3459,4,2.0,8.0,7,2,15864000.0
Lucknow,3404,4,2.0,4.0,5,2,10897000.0
Patna,2123,2,2.0,5.0,1,2,4911000.0
Lucknow,2410,2,1.0,31.0,1,0,6099000.0
Mumbai,629,3,1.0,26.0,3,1,5516000.0
Bengaluru,3161,1,3.0,11.0,3,1,14588000.0
Mumbai,3863,4,4.0,29.0,8,2,26721000.0
Mumbai,2153,1,1.0,27.0,6,0,14503000.0
Pune,2391,3,1.0,32.0,10,2,12056000.0
Lucknow,2247,4,1.0,36.0,6,0,8081000.0
Lucknow,789,1,4.0,35.0,10,1,5086000.0
Patna,2669,5,2.0,7.0,6,2,8486000.0
Lucknow,3025,2,2.0,30.0,4,0,9584000.0
Lucknow,3747,1,1.0,15.0,8,0,11818000.0
Mumbai,3754,4,4.0,16.0,5,2,25120000.0
Delhi,2221,3,2.0,25.0,3,0,12075000.0
Pune,3856,4,4.0,24.0,5,2,15736000.0
Patna,2350,4,3.0,16.0,7,1,7230000.0
Mumbai,2747,3,1.0,39.0,4,1,16468000.0
Bengaluru,2606,5,4.0,6.0,8,2,17129000.0
Pune,3995,2,3.0,3.0,10,2,17977000.0
Mumbai,3081,3,3.0,1.0,5,0,20777000.0
Bengaluru,920,1,1.0,32.0,3,0,4639000.0
Patna,751,4,4.0,16.0,5,0,3314000.0
Pune,1934,2,4.0,17.0,9,0,9610000.0
,2304,4,2.0,25.0,2,2,11916000.0
Patna,2840,5,1.0,17.0,10,1,8446000.0
Delhi,2185,5,4.0,22.0,5,2,13848000.0
Patna,2301,5,4.0,2.0,9,0,8075000.0
Delhi,3725,1,3.0,6.0,8,2,21741000.0
Pune,1672,1,3.0,37.0,8,2,8793000.0
Bengaluru,2227,5,1.0,18.0,10,2,15572000.0
Delhi,2450,2,1.0,6.0,2,1,13143000.0
Patna,2139,1,4.0,14.0,6,2,6527000.0
Delhi,3888,2,2.0,13.0,1,1,18716000.0
Mumbai,3867,5,2.0,10.0,3,1,24833000.0
Delhi,2295,2,3.0,11.0,1,1,12099000.0
Lucknow,2077,1,1.0,29.0,7,0,6891000.0
Lucknow,2561,4,1.0,4.0,7,2,9797000.0
Patna,1133,1,1.0,12.0,8,2,3598000.0
Delhi,1990,2,2.0,18.0,2,2,10558000.0
Bengaluru,1259,1,2.0,21.0,4,2,7303000.0
Mumbai,1004,4,1.0,35.0,7,1,10105000.0
Pune,833,3,2.0,36.0,9,2,6877000.0
Patna,2554,5,2.0,11.0,9,0,7605000.0
Lucknow,501,2,3.0,21.0,1,1,2373000.0
Pune,2761,2,3.0,0.0,5,0,11579000.0
Bengaluru,2011,1,4.0,24.0,1,0,8617000.0
Patna,1782,2,4.0,6.0,9,1,6345000.0
Bengaluru,3192,3,2.0,2.0,2,1,15605000.0
Mumbai,2385,1,4.0,26.0,9,2,17900000.0
Bengaluru,3067,3,3.0,7.0,2,1,15411000.0
Mumbai,2983,5,1.0,19.0,1,1,18188000.0
Delhi,612,4,2.0,4.0,9,1,9175000.0
Mumbai,1254,4,3.0,29.0,5,1,10481000.0
Bengaluru,2494,5,4.0,30.0,5,2,14256000.0
Pune,3914,4,2.0,22.0,7,0,16248000.0
Delhi,1039,4,1.0,33.0,3,1,7078000.0
Bengaluru,869,5,1.0,17.0,7,1,7075000.0
Patna,3793,1,1.0,7.0,5,0,8864000.0
Lucknow,3883,5,3.0,6.0,3,2,11956000.0
Pune,1085,2,3.0,8.0,4,1,5558000.0
Delhi,1905,4,2.0,8.0,1,0,10268000.0
Patna,2693,5,3.0,12.0,4,1,7419000.0
Delhi,1183,3,4.0,8.0,6,2,9838000.0
Delhi,1641,1,4.0,23.0,2,2,8982000.0
Patna,1883,2,1.0,5.0,2,0,4920000.0
Bengaluru,2745,3,3.0,24.0,7,1,15361000.0
Lucknow,1578,5,4.0,13.0,5,0,6207000.0
Pune,1942,5,4.0,27.0,2,1,8333000.0
Pune,1513,3,2.0,20.0,8,1,8549000.0
Delhi,3158,5,2.0,36.0,8,1,18163000.0
Delhi,1035,3,4.0,17.0,1,2,6806000.0
Delhi,1307,3,1.0,11.0,3,1,8090000.0
Mumbai,1374,5,3.0,23.0,4,1,11808000.0
Patna,3670,4,1.0,26.0,8,0,9916000.0
Delhi,3805,3,4.0,17.0,1,0,18984000.0
Pune,2250,3,1.0,22.0,9,2,11010000.0
Lucknow,1047,4,1.0,18.0,4,1,4146000.0
Lucknow,3146,4,2.0,12.0,2,2,8969000.0
Bengaluru,2222,3,1.0,12.0,9,1,13991000.0
Bengaluru,3474,1,2.0,36.0,1,1,15014000.0
Patna,1759,1,2.0,27.0,2,1,4601000.0
Pune,3995,1,2.0,3.0,10,1,17239000.0
Lucknow,3324,3,3.0,38.0,6,0,9845000.0
Patna,1283,4,3.0,28.0,5,0,4138000.0
Lucknow,3039,5,4.0,2.0,7,1,11175000.0
Delhi,1504,2,2.0,29.0,7,1,9586000.0
Pune,1724,4,3.0,23.0,7,1,8634000.0
Mumbai,1376,4,3.0,36.0,1,1,8841000.0
Pune,2887,1,1.0,19.0,6,0,10992000.0
Patna,1420,2,3.0,20.0,3,2,3921000.0
Bengaluru,2735,2,4.0,12.0,9,1,16689000.0
Bengaluru,2538,5,2.0,12.0,6,0,14915000.0
Mumbai,3127,5,1.0,24.0,2,1,18999000.0
Patna,3977,5,2.0,33.0,9,2,10785000.0
Mumbai,530,3,2.0,35.0,3,2,5329000.0
Mumbai,3965,3,3.0,30.0,3,0,23303000.0
Delhi,882,2,4.0,24.0,10,2,9453000.0
Mumbai,2343,4,3.0,20.0,8,1,18577000.0
Bengaluru,1693,1,1.0,13.0,9,1,11512000.0
Bengaluru,2736,2,2.0,30.0,7,1,15303000.0
Delhi,3026,1,3.0,12.0,10,2,19528000.0
Mumbai,3509,3,2.0,10.0,2,0,21354000.0
Mumbai,1906,2,3.0,34.0,6,0,13175000.0
Bengaluru,3765,1,3.0,23.0,3,1,17182000.0
Mumbai,1628,2,2.0,14.0,4,0,11410000.0
Pune,1213,5,3.0,34.0,3,2,6077000.0
Delhi,1826,3,2.0,38.0,3,2,9572000.0
Delhi,2349,5,1.0,12.0,5,1,14919000.0
Bengaluru,2838,5,2.0,20.0,10,2,18289000.0
Bengaluru,3414,5,2.0,19.0,7,0,18529000.0
Mumbai,1286,2,1.0,28.0,4,1,9289000.0
Mumbai,1561,5,4.0,38.0,5,1,12525000.0
Patna,3785,5,3.0,21.0,6,0,10177000.0
Mumbai,2039,5,1.0,31.0,3,0,12742000.0
Bengaluru,1345,2,4.0,23.0,6,1,8981000.0
Bengaluru,3949,2,4.0,35.0,7,1,19948000.0
Delhi,2071,3,1.0,16.0,3,0,11448000.0
Bengaluru,3947,5,1.0,15.0,6,1,20400000.0
Lucknow,3717,5,2.0,16.0,8,2,11678000.0
Lucknow,3671,3,3.0,39.0,6,0,10479000.0
Delhi,2536,1,3.0,24.0,3,2,13196000.0
Delhi,3294,3,2.0,6.0,6,1,19003000.0
Delhi,3861,4,3.0,1.0,8,1,23783000.0
Bengaluru,1441,3,1.0,20.0,3,2,8386000.0
Pune,632,2,3.0,32.0,6,1,4444000.0
Delhi,1622,2,4.0,19.0,7,2,11743000.0
Delhi,2729,1,3.0,22.0,4,0,14548000.0
Patna,2415,2,2.0,31.0,4,0,5664000.0
Mumbai,782,4,2.0,20.0,9,1,10552000.0
Bengaluru,2462,2,4.0,36.0,4,0,11729000.0
Lucknow,1110,5,1.0,25.0,6,0,5359000.0
Mumbai,2269,1,2.0,29.0,2,1,13092000.0
Mumbai,2514,3,1.0,31.0,10,2,19292000.0
Mumbai,2728,3,4.0,25.0,6,0,18757000.0
Patna,1943,5,2.0,2.0,8,2,7176000.0
Mumbai,1929,5,4.0,17.0,7,1,16454000.0
Delhi,2875,3,3.0,5.0,4,0,15949000.0
Mumbai,3122,4,3.0,20.0,4,0,19914000.0
Mumbai,3327,4,3.0,5.0,8,2,24915000.0
Pune,1667,3,1.0,20.0,9,0,8980000.0
Delhi,1984,1,3.0,13.0,2,1,10306000.0
Pune,1657,3,3.0,0.0,9,2,9852000.0
Pune,2346,2,4.0,4.0,9,1,12266000.0
Lucknow,945,3,3.0,20.0,2,0,3272000.0
Mumbai,2005,4,4.0,3.0,2,0,13984000.0
Patna,1160,2,4.0,34.0,7,2,4328000.0
Pune,2363,2,3.0,30.0,9,1,11633000.0
Mumbai,3476,5,2.0,28.0,4,0,22044000.0
Lucknow,3948,2,1.0,6.0,7,0,12365000.0
Patna,2061,1,2.0,31.0,10,1,6355000.0
Delhi,697,4,4.0,25.0,4,0,5892000.0
Patna,1297,4,1.0,15.0,3,1,3555000.0
Bengaluru,866,5,2.0,0.0,10,0,9790000.0
Pune,3157,4,3.0,21.0,3,2,12816000.0
Patna,3946,5,1.0,31.0,5,1,9508000.0
Bengaluru,2438,3,4.0,1.0,5,2,14556000.0
Lucknow,1118,2,3.0,2.0,6,0,4738000.0
Delhi,574,5,1.0,15.0,3,1,4862000.0
Lucknow,3916,2,1.0,20.0,7,0,12063000.0
Pune,1607,2,3.0,18.0,7,1,8305000.0
Delhi,892,5,4.0,17.0,3,2,7311000.0
Bengaluru,1119,5,4.0,10.0,5,0,8412000.0
Delhi,1393,2,4.0,2.0,1,2,8677000.0
Mumbai,2795,4,1.0,1.0,3,1,19046000.0
Mumbai,3621,5,3.0,3.0,10,2,27834000.0
Delhi,1462,4,1.0,27.0,6,0,9746000.0
Mumbai,2905,1,1.0,31.0,7,2,19525000.0
Mumbai,727,4,3.0,17.0,9,1,10045000.0
Lucknow,535,1,2.0,3.0,8,0,4525000.0
Lucknow,692,5,3.0,16.0,8,0,5623000.0
Lucknow,3730,1,4.0,39.0,8,2,10617000.0
Delhi,2536,5,1.0,9.0,5,2,15639000.0
Patna,3318,1,3.0,19.0,7,0,8355000.0
Pune,576,3,4.0,21.0,3,1,3769000.0
Mumbai,577,2,,13.0,9,2,9222000.0
Mumbai,3470,5,3.0,17.0,2,1,21946000.0
Pune,859,2,2.0,18.0,9,0,6315000.0
Mumbai,1043,4,4.0,18.0,9,1,12222000.0
Bengaluru,2316,1,1.0,28.0,2,1,10222000.0
Patna,2622,3,4.0,23.0,8,0,7865000.0
Mumbai,1301,5,4.0,2.0,10,2,15494000.0
Mumbai,2056,5,4.0,0.0,6,0,16594000.0
Patna,2862,2,2.0,16.0,4,2,8013000.0
Pune,2049,2,3.0,36.0,9,2,10092000.0
Mumbai,1839,3,2.0,1.0,6,2,15274000.0
Patna,751,3,2.0,2.0,2,2,2705000.0
Patna,2081,3,4.0,27.0,3,0,5541000.0
Bengaluru,3309,1,3.0,18.0,7,0,17833000.0
Pune,2693,4,3.0,9.0,5,2,12533000.0
Delhi,3625,2,1.0,8.0,3,2,18141000.0
Mumbai,941,2,4.0,26.0,8,2,10089000.0
Pune,538,5,3.0,20.0,2,1,3600000.0
Delhi,2418,4,4.0,25.0,3,1,13467000.0
Pune,1125,2,1.0,11.0,5,0,5271000.0
Lucknow,2578,5,3.0,21.0,1,0,7805000.0
Mumbai,3663,2,3.0,34.0,4,1,21501000.0
Pune,1679,3,3.0,12.0,10,0,10556000.0
Delhi,2423,2,1.0,15.0,10,0,16524000.0
Patna,2885,1,2.0,6.0,9,0,8214000.0
Delhi,1025,3,2.0,25.0,4,0,7010000.0
Pune,3640,3,3.0,1.0,1,2,13641000.0
Pune,1209,5,1.0,9.0,9,2,8955000.0
Bengaluru,3328,2,2.0,28.0,4,2,15963000.0
Pune,2809,5,3.0,0.0,8,0,13570000.0
Lucknow,993,4,1.0,39.0,2,1,3027000.0
Pune,3036,1,4.0,16.0,7,2,13254000.0
Lucknow,1187,4,3.0,15.0,6,1,5339000.0
Patna,2597,3,1.0,21.0,10,1,8295000.0
Bengaluru,3858,2,1.0,25.0,2,2,17121000.0
Bengaluru,3836,3,4.0,18.0,5,2,20363000.0
Mumbai,3549,2,2.0,35.0,10,2,24240000.0
Lucknow,2229,4,4.0,38.0,4,1,7694000.0
Bengaluru,2458,3,2.0,8.0,7,1,14303000.0
Bengaluru,1550,3,2.0,28.0,2,2,8070000.0
Mumbai,3723,2,2.0,12.0,8,2,25411000.0
Patna,2170,2,3.0,39.0,3,1,5063000.0
Bengaluru,3200,3,1.0,,6,1,17350000.0
Pune,1758,3,2.0,11.0,9,1,10530000.0
Mumbai,3091,2,2.0,28.0,7,0,20737000.0
Patna,1285,3,1.0,31.0,5,1,3753000.0
Mumbai,3068,2,2.0,5.0,2,1,18790000.0
Delhi,660,3,3.0,22.0,4,2,5739000.0
Patna,866,1,3.0,13.0,9,1,3785000.0
Patna,1732,3,1.0,24.0,3,0,4001000.0
Delhi,2187,4,4.0,22.0,7,2,14653000.0
Bengaluru,2989,5,4.0,39.0,5,1,15874000.0
Lucknow,1756,4,3.0,37.0,4,0,5047000.0
Patna,564,4,4.0,26.0,8,2,3666000.0
Bengaluru,1638,1,2.0,27.0,4,1,9083000.0
Bengaluru,2037,2,4.0,35.0,3,1,10531000.0
Lucknow,2403,4,3.0,7.0,6,2,8627000.0
Lucknow,2754,5,3.0,29.0,8,2,9453000.0
Lucknow,1366,3,1.0,30.0,9,1,6141000.0
Pune,2636,5,3.0,5.0,7,1,12228000.0
Mumbai,2710,2,4.0,35.0,7,2,19375000.0
Patna,3218,1,4.0,27.0,8,0,8487000.0
Patna,2327,1,2.0,13.0,3,2,6514000.0
Lucknow,3336,3,1.0,19.0,3,1,8968000.0
Mumbai,1275,4,3.0,19.0,5,2,11826000.0
Delhi,2990,2,1.0,36.0,7,1,16352000.0
Lucknow,660,4,1.0,38.0,7,2,3680000.0
Mumbai,859,4,3.0,32.0,2,0,5914000.0
Patna,3526,2,4.0,26.0,8,2,9811000.0
Bengaluru,2162,2,2.0,4.0,4,0,11927000.0
Lucknow,2672,4,2.0,36.0,9,1,10049000.0
Patna,2611,4,2.0,5.0,8,0,8322000.0
Bengaluru,2932,1,2.0,6.0,10,2,17492000.0
Delhi,1359,2,1.0,2.0,7,2,10329000.0
Pune,1123,3,3.0,37.0,6,0,5496000.0
Pune,648,3,3.0,19.0,2,2,4355000.0
Bengaluru,3526,1,2.0,9.0,4,0,16659000.0
Pune,1282,5,2.0,3.0,9,1,9644000.0
Patna,2513,2,4.0,16.0,4,0,6721000.0
Bengaluru,2092,2,1.0,28.0,1,0,9082000.0
Delhi,1068,1,1.0,39.0,3,0,5069000.0
Bengaluru,1948,5,1.0,22.0,6,1,12193000.0
Bengaluru,791,2,4.0,24.0,7,1,7112000.0
Mumbai,1118,5,2.0,33.0,10,2,12877000.0
Mumbai,988,3,1.0,36.0,10,0,10858000.0
Pune,3385,5,4.0,11.0,6,2,15289000.0
,2485,1,1.0,39.0,6,0,12685000.0
Patna,3739,1,2.0,20.0,9,0,10042000.0
Delhi,2025,5,1.0,37.0,1,0,9842000.0
Mumbai,1204,5,3.0,4.0,6,0,12390000.0
Lucknow,2630,3,3.0,3.0,5,1,8750000.0
Patna,3753,1,4.0,35.0,8,2,9337000.0
Delhi,2364,5,2.0,26.0,9,2,16942000.0
Delhi,562,2,2.0,7.0,7,2,7643000.0
Delhi,1562,5,4.0,35.0,7,1,11875000.0
Bengaluru,3737,5,4.0,4.0,7,0,20780000.0
Bengaluru,2314,5,1.0,27.0,6,1,13206000.0
Delhi,3831,4,3.0,8.0,3,2,21103000.0
Mumbai,2282,4,4.0,2.0,3,0,16063000.0
Bengaluru,542,3,3.0,32.0,8,0,5895000.0
Patna,3555,1,3.0,33.0,7,2,9722000.0
Pune,3170,2,1.0,4.0,3,0,12219000.0
Bengaluru,3003,4,,3.0,9,2,18999000.0
Mumbai,3895,5,1.0,24.0,10,2,27490000.0
Delhi,1186,3,1.0,1.0,7,1,10207000.0
Delhi,3670,4,4.0,29.0,3,1,19734000.0
Lucknow,1314,1,3.0,36.0,10,0,5716000.0
Patna,3897,3,4.0,30.0,3,1,9126000.0
Patna,1170,3,2.0,9.0,5,2,3860000.0
Patna,2426,5,4.0,7.0,9,2,8702000.0
Patna,3262,2,1.0,27.0,6,1,7927000.0
Patna,773,2,4.0,2.0,3,2,3113000.0
Mumbai,733,2,1.0,21.0,1,2,4598000.0
Mumbai,3474,1,1.0,17.0,4,0,21107000.0
,711,3,1.0,29.0,7,1,7181000.0
Pune,2648,4,4.0,8.0,8,1,13242000.0
Mumbai,3783,5,2.0,30.0,3,1,22648000.0
Lucknow,2651,5,2.0,27.0,2,2,8537000.0
Pune,2183,1,2.0,9.0,8,2,10705000.0
,1960,2,4.0,14.0,2,1,7735000.0
Mumbai,2733,2,2.0,2.0,1,0,15614000.0
Delhi,2501,2,1.0,17.0,5,2,14010000.0
Mumbai,2256,5,2.0,10.0,6,2,17364000.0
Patna,1037,1,2.0,4.0,3,2,3115000.0
Pune,2819,1,3.0,22.0,3,1,11004000.0
,3089,5,4.0,22.0,3,0,9300000.0
Delhi,2980,5,1.0,3.0,4,1,17307000.0
Bengaluru,762,2,4.0,7.0,1,0,4455000.0
Bengaluru,2960,2,1.0,3.0,1,1,13797000.0
Lucknow,3054,3,3.0,27.0,4,2,9975000.0
Lucknow,1141,3,2.0,13.0,1,0,3487000.0
Delhi,3471,5,2.0,2.0,4,2,19989000.0
Patna,2333,3,2.0,7.0,6,0,6200000.0
Mumbai,2153,1,2.0,39.0,1,0,11539000.0
Patna,3029,3,4.0,10.0,7,2,8616000.0
Mumbai,2284,3,4.0,27.0,7,0,17278000.0
Delhi,2406,3,,18.0,6,2,15104000.0
Lucknow,1592,3,2.0,7.0,7,2,6984000.0
Mumbai,3747,5,3.0,12.0,9,0,27313000.0
Bengaluru,3893,5,2.0,0.0,1,0,18502000.0
Bengaluru,956,2,4.0,,2,0,5530000.0
Delhi,3065,2,3.0,13.0,4,0,16082000.0
Lucknow,581,4,2.0,19.0,7,2,4405000.0
Patna,1791,3,2.0,6.0,9,2,6392000.0
Patna,3894,3,2.0,32.0,10,2,10805000.0
Delhi,1111,1,3.0,8.0,6,2,8752000.0
Bengaluru,1819,2,3.0,,5,2,10672000.0
Delhi,1268,4,2.0,34.0,5,2,8488000.0
Delhi,3048,5,4.0,28.0,1,2,15950000.0
Mumbai,2123,4,4.0,24.0,5,1,15737000.0
Patna,2575,2,2.0,35.0,6,2,6617000.0
Patna,3798,1,4.0,7.0,3,0,9010000.0
Lucknow,2323,1,1.0,38.0,8,1,7629000.0
Bengaluru,3069,2,4.0,22.0,9,2,17669000.0
Bengaluru,842,3,2.0,16.0,4,0,5951000.0
Bengaluru,1253,5,3.0,10.0,10,0,11076000.0
Bengaluru,3814,5,2.0,29.0,2,0,18512000.0
Bengaluru,3508,1,2.0,39.0,10,0,18802000.0
Mumbai,2798,4,2.0,27.0,8,1,20519000.0
Mumbai,1823,2,3.0,1.0,3,2,13785000.0
Patna,1199,1,1.0,18.0,7,0,3303000.0
Bengaluru,3481,3,4.0,29.0,4,2,16508000.0
Patna,3248,1,4.0,15.0,8,2,8935000.0
Mumbai,1345,2,3.0,30.0,2,2,8402000.0
Pune,2564,3,,28.0,3,2,10284000.0
Delhi,2665,2,3.0,2.0,4,0,15067000.0
Delhi,2171,3,1.0,22.0,2,1,11520000.0
Mumbai,3743,3,3.0,6.0,4,2,23903000.0
Mumbai,934,4,1.0,19.0,7,2,10514000.0
Patna,1402,1,3.0,15.0,7,1,4775000.0
Delhi,832,1,2.0,32.0,6,2,6633000.0
Pune,2925,3,3.0,34.0,2,2,10858000.0
Bengaluru,2754,2,4.0,18.0,3,0,14046000.0
Bengaluru,3955,4,1.0,21.0,10,2,22117000.0
Bengaluru,2398,1,3.0,25.0,3,0,11945000.0
Delhi,1027,3,,26.0,2,1,5828000.0
Patna,2078,5,2.0,25.0,5,0,6210000.0
Lucknow,809,1,3.0,31.0,1,2,2364000.0
Lucknow,2848,2,4.0,39.0,4,0,8057000.0
Bengaluru,2859,5,1.0,33.0,9,1,16947000.0
Mumbai,3501,3,4.0,5.0,3,2,22615000.0
Patna,1689,1,4.0,19.0,8,2,4794000.0
Delhi,1585,2,3.0,18.0,5,0,8925000.0
Mumbai,749,4,3.0,20.0,4,2,8534000.0
Delhi,1953,5,2.0,21.0,7,1,13924000.0
Lucknow,2163,2,1.0,28.0,6,2,7839000.0
Pune,3140,3,3.0,16.0,4,1,12836000.0
Lucknow,3138,4,4.0,10.0,3,0,9192000.0
Lucknow,990,1,1.0,18.0,10,0,4931000.0
Delhi,1497,2,3.0,34.0,2,0,7527000.0
Patna,2290,4,3.0,12.0,10,2,7577000.0
Bengaluru,1672,1,4.0,0.0,5,2,11319000.0
Pune,589,4,2.0,,10,1,6621000.0
Mumbai,3459,3,2.0,7.0,4,2,22683000.0
Patna,3059,5,2.0,24.0,6,0,8250000.0
Delhi,2320,1,4.0,32.0,7,2,13588000.0
Mumbai,1611,5,4.0,,4,0,13729000.0
Bengaluru,3449,2,2.0,13.0,3,0,16335000.0
Mumbai,623,1,4.0,11.0,6,2,7973000.0
Mumbai,2062,4,3.0,,7,1,17380000.0
Pune,3303,3,2.0,6.0,3,0,12801000.0
Bengaluru,3835,5,1.0,7.0,8,2,21626000.0
Patna,1379,1,3.0,18.0,7,0,4049000.0
Delhi,2777,1,3.0,21.0,2,2,14317000.0
Lucknow,1163,3,4.0,0.0,10,0,6566000.0
Bengaluru,905,5,3.0,33.0,1,0,5459000.0
Pune,1735,3,1.0,27.0,7,0,8333000.0
Pune,3597,4,3.0,2.0,5,1,15350000.0
Bengaluru,2913,5,3.0,33.0,7,0,15763000.0
Patna,2212,5,2.0,1.0,8,0,7622000.0
Delhi,1489,3,2.0,22.0,7,2,10668000.0
Mumbai,995,4,4.0,18.0,7,1,10975000.0
Pune,1447,3,3.0,20.0,9,1,8834000.0
Lucknow,1034,4,3.0,38.0,8,0,4997000.0
Mumbai,1154,3,2.0,37.0,9,0,10511000.0
Bengaluru,2906,3,2.0,11.0,5,0,15222000.0
Patna,964,3,3.0,23.0,3,2,3491000.0
Lucknow,665,4,4.0,,3,0,2650000.0
Patna,2398,4,3.0,29.0,7,0,6858000.0
Bengaluru,1503,5,3.0,35.0,6,2,10247000.0
Pune,2091,4,1.0,17.0,1,1,8116000.0
Delhi,989,1,4.0,11.0,3,2,6638000.0
Patna,1234,3,1.0,20.0,10,1,5106000.0
Bengaluru,2043,2,4.0,32.0,8,2,13099000.0
Lucknow,2915,1,2.0,37.0,8,2,8971000.0
Bengaluru,1950,1,4.0,27.0,2,1,9191000.0
Pune,2396,3,4.0,28.0,1,2,8743000.0
Lucknow,2326,5,4.0,20.0,3,1,8018000.0
Bengaluru,1441,3,4.0,12.0,9,2,11690000.0
Patna,1478,3,3.0,16.0,6,1,4689000.0
Bengaluru,1990,1,4.0,19.0,8,2,12748000.0
Pune,612,4,1.0,32.0,5,1,3759000.0
Delhi,2898,1,1.0,22.0,5,1,14893000.0
Bengaluru,2650,5,3.0,31.0,7,1,14871000.0
Bengaluru,1571,5,4.0,1.0,10,2,13357000.0
Mumbai,1808,5,4.0,30.0,5,2,14901000.0
Mumbai,1650,2,3.0,20.0,6,2,13005000.0
Pune,2779,1,3.0,39.0,10,2,12963000.0
Pune,3159,2,3.0,18.0,4,0,12134000.0
Pune,880,4,4.0,19.0,9,2,7789000.0
Mumbai,1946,2,4.0,5.0,6,2,15418000.0
Delhi,548,5,1.0,32.0,9,0,7301000.0
Delhi,2082,1,3.0,28.0,5,2,12002000.0
Lucknow,1369,1,2.0,34.0,7,1,5921000.0
Patna,1675,2,4.0,3.0,4,0,5242000.0
Delhi,2097,4,3.0,8.0,7,0,14083000.0
Pune,1633,4,4.0,35.0,4,1,7833000.0
Mumbai,1879,2,2.0,1.0,7,0,15903000.0
Delhi,3176,4,3.0,20.0,8,2,19034000.0
Mumbai,3336,4,1.0,16.0,5,2,21861000.0
Delhi,520,3,4.0,37.0,5,2,5375000.0
Pune,1822,3,1.0,34.0,4,1,7440000.0
Patna,3464,1,2.0,35.0,8,1,8744000.0
Delhi,2356,2,4.0,11.0,6,2,14426000.0
Pune,1218,3,4.0,23.0,6,2,7710000.0
Lucknow,2577,1,2.0,28.0,1,0,6032000.0
Patna,1007,3,2.0,38.0,2,1,2525000.0
Pune,576,1,1.0,0.0,1,2,3405000.0
Delhi,2713,4,4.0,39.0,9,2,17432000.0
Pune,2302,1,1.0,14.0,9,2,10956000.0
Delhi,3147,1,1.0,5.0,1,0,14419000.0
Patna,1706,4,2.0,24.0,1,1,4170000.0
Bengaluru,3489,2,1.0,31.0,8,0,17606000.0
Pune,1974,2,1.0,5.0,6,2,9698000.0
Mumbai,3083,2,3.0,1.0,4,1,19873000.0
Bengaluru,851,2,3.0,35.0,7,0,6836000.0
Patna,840,4,2.0,37.0,3,0,2566000.0
Pune,3239,4,4.0,6.0,2,2,13385000.0
Bengaluru,3418,2,3.0,36.0,4,2,16900000.0
Patna,3798,4,1.0,36.0,9,2,10088000.0
Patna,1636,4,3.0,39.0,8,2,5345000.0
Delhi,577,3,3.0,8.0,2,2,5049000.0
Pune,3929,3,4.0,23.0,6,2,16260000.0
Bengaluru,2604,5,1.0,39.0,9,2,15622000.0
Pune,1364,3,1.0,36.0,10,2,8036000.0
Delhi,3173,2,2.0,24.0,8,1,17651000.0
Delhi,3663,3,2.0,7.0,2,2,18718000.0
Patna,1496,5,4.0,3.0,3,2,5221000.0
Patna,3193,4,3.0,10.0,3,0,8110000.0
Lucknow,3256,1,3.0,2.0,2,2,9894000.0
Patna,2255,3,3.0,7.0,2,1,6571000.0
Lucknow,2713,4,4.0,2.0,4,0,9290000.0
Lucknow,1443,2,2.0,30.0,6,0,5641000.0
Lucknow,3752,5,1.0,23.0,4,0,11294000.0
Bengaluru,3940,5,1.0,20.0,5,2,20776000.0
Bengaluru,3933,5,2.0,32.0,3,2,19626000.0
Delhi,3079,1,3.0,16.0,2,0,15343000.0
Pune,648,3,2.0,16.0,10,1,6733000.0
Delhi,1782,3,2.0,8.0,6,1,12056000.0
Delhi,2057,4,2.0,17.0,3,1,11865000.0
Pune,3859,5,4.0,6.0,9,1,17864000.0
Bengaluru,2414,2,4.0,23.0,9,2,15314000.0
Delhi,2376,3,1.0,39.0,10,1,15024000.0
Lucknow,1013,4,1.0,21.0,2,1,3516000.0
,3278,4,1.0,11.0,7,1,8231000.0
Mumbai,1677,4,4.0,27.0,10,1,16659000.0
Mumbai,821,2,2.0,32.0,9,2,9687000.0
Delhi,3956,5,4.0,18.0,3,1,21210000.0
Lucknow,1165,1,3.0,10.0,9,2,6425000.0
Lucknow,556,3,3.0,28.0,5,1,3225000.0
Mumbai,772,4,2.0,7.0,5,2,9676000.0
Lucknow,2083,1,2.0,39.0,6,2,6223000.0
Mumbai,860,3,1.0,12.0,8,2,11342000.0
Bengaluru,3449,3,3.0,14.0,2,1,16906000.0
Patna,2293,4,2.0,29.0,6,1,6587000.0
Delhi,1633,1,2.0,0.0,9,1,13079000.0
Mumbai,511,2,1.0,8.0,6,1,6622000.0
Bengaluru,2179,2,4.0,5.0,3,2,11983000.0
Pune,1029,4,4.0,15.0,1,2,5769000.0
Patna,3923,2,2.0,22.0,6,2,9227000.0
Patna,1518,3,3.0,7.0,8,2,5998000.0
Mumbai,2162,4,4.0,13.0,6,2,17493000.0
Mumbai,565,4,3.0,30.0,10,1,10459000.0
Lucknow,958,1,3.0,37.0,7,0,3422000.0
Delhi,1226,5,2.0,0.0,6,1,11160000.0
Patna,681,1,3.0,25.0,1,2,1636000.0
Pune,3040,1,3.0,1.0,6,2,13220000.0
Mumbai,3808,1,3.0,20.0,2,1,21370000.0
Lucknow,3948,2,3.0,35.0,8,2,11895000.0
Mumbai,1430,5,3.0,31.0,2,0,10000000.0
Bengaluru,3260,2,1.0,9.0,10,1,18470000.0
Pune,2264,4,4.0,10.0,4,2,10902000.0
Bengaluru,660,3,4.0,31.0,5,1,5472000.0
Pune,817,1,1.0,32.0,2,2,2825000.0
Pune,2417,3,2.0,11.0,3,1,9874000.0
Patna,1982,1,4.0,0.0,10,1,7153000.0
Patna,529,3,2.0,17.0,3,1,2113000.0
Bengaluru,3755,3,4.0,24.0,6,2,19653000.0
Mumbai,3056,3,4.0,17.0,10,0,23446000.0
Lucknow,2258,2,4.0,37.0,7,0,7919000.0
Patna,3954,4,1.0,32.0,1,1,8622000.0
Delhi,3898,3,2.0,31.0,4,0,19122000.0
Bengaluru,3908,2,3.0,0.0,4,1,19605000.0
Bengaluru,1405,3,4.0,34.0,3,1,7986000.0
Mumbai,3583,1,1.0,30.0,3,0,19443000.0
Pune,2265,5,2.0,15.0,6,1,10677000.0
Delhi,3041,4,1.0,23.0,4,1,16084000.0
Lucknow,3508,2,4.0,32.0,3,2,9919000.0
Lucknow,1071,4,4.0,36.0,5,0,4125000.0
Lucknow,2068,4,1.0,22.0,4,2,7142000.0
Bengaluru,951,4,1.0,1.0,3,1,6350000.0
Delhi,1478,1,2.0,24.0,5,2,8693000.0
Lucknow,1947,5,4.0,27.0,10,0,8214000.0
Lucknow,3494,5,2.0,2.0,6,0,11434000.0
Bengaluru,3519,5,2.0,32.0,6,1,17856000.0
Patna,1864,5,2.0,8.0,10,1,6845000.0
Mumbai,1652,5,3.0,35.0,7,1,13845000.0
Patna,2357,4,2.0,22.0,3,0,5855000.0
Mumbai,3691,1,1.0,12.0,4,1,22292000.0
Mumbai,3917,3,4.0,2.0,5,2,25984000.0
Bengaluru,1293,2,2.0,0.0,5,2,9608000.0
Mumbai,1152,2,2.0,29.0,2,0,7278000.0
Mumbai,2973,5,3.0,15.0,2,1,18830000.0
Mumbai,1554,5,3.0,33.0,4,1,11882000.0
Bengaluru,1199,3,1.0,9.0,10,1,10547000.0
Lucknow,608,4,1.0,36.0,8,2,4405000.0
Mumbai,1911,1,1.0,37.0,9,1,14222000.0
Pune,1871,2,4.0,4.0,2,2,8571000.0
Lucknow,2470,5,3.0,25.0,5,2,8521000.0
Mumbai,1200,3,4.0,37.0,6,0,10621000.0
Mumbai,3000,3,3.0,12.0,5,2,21086000.0
Patna,2880,3,2.0,2.0,5,0,7834000.0
Lucknow,2118,2,3.0,35.0,4,1,6357000.0
Bengaluru,1134,5,3.0,18.0,1,1,6980000.0
Lucknow,2274,4,2.0,1.0,9,1,9146000.0
Mumbai,2861,4,4.0,33.0,10,1,22658000.0
Bengaluru,1804,2,4.0,27.0,1,0,8362000.0
Lucknow,1422,4,4.0,2.0,5,0,5898000.0
Delhi,2272,5,4.0,10.0,6,2,15346000.0
Lucknow,1743,4,2.0,0.0,8,2,7334000.0
Bengaluru,1901,3,1.0,38.0,10,2,12784000.0
Lucknow,1721,2,2.0,0.0,5,1,6111000.0
Bengaluru,1562,3,3.0,31.0,8,2,11272000.0
Bengaluru,3008,2,4.0,20.0,10,1,17476000.0
Delhi,2110,4,2.0,23.0,9,0,14561000.0
Delhi,2132,1,2.0,32.0,3,0,10818000.0
Lucknow,2785,1,2.0,35.0,9,0,8303000.0
Mumbai,1764,4,4.0,5.0,5,1,15420000.0
Mumbai,853,2,1.0,0.0,1,2,6517000.0
Mumbai,3484,3,2.0,4.0,8,0,24550000.0
Mumbai,694,3,1.0,27.0,9,1,9393000.0
Lucknow,2501,3,4.0,22.0,4,0,8114000.0
Bengaluru,1430,4,2.0,3.0,5,1,10024000.0
Patna,1248,2,1.0,9.0,4,1,4204000.0
Mumbai,646,4,2.0,21.0,2,0,5737000.0
Pune,3650,2,1.0,29.0,10,1,16414000.0
Bengaluru,2002,2,2.0,13.0,1,0,9514000.0
Bengaluru,1699,3,4.0,37.0,6,2,11206000.0
Patna,3094,5,3.0,39.0,1,2,7552000.0
Patna,636,2,4.0,30.0,7,2,2601000.0
Patna,2475,3,3.0,18.0,10,2,8969000.0
Delhi,2231,1,4.0,35.0,7,0,12842000.0
Delhi,2437,1,2.0,29.0,7,2,14825000.0
Pune,933,4,4.0,20.0,9,0,7320000.0
Delhi,3833,4,1.0,17.0,10,2,23615000.0
Lucknow,1334,2,2.0,33.0,9,2,5654000.0
Pune,2874,4,3.0,22.0,3,2,12048000.0
Pune,3114,2,2.0,7.0,6,2,13452000.0
Lucknow,1703,2,2.0,39.0,9,2,7243000.0
Lucknow,957,3,1.0,2.0,3,2,4248000.0
Mumbai,1538,2,1.0,27.0,7,0,12205000.0
Mumbai,3324,5,3.0,26.0,1,0,18845000.0
Pune,3672,3,4.0,23.0,9,2,16514000.0
Bengaluru,3779,2,1.0,2.0,7,0,19870000.0
Delhi,1292,3,2.0,19.0,8,1,10530000.0
Bengaluru,2622,4,4.0,35.0,9,0,16006000.0
Lucknow,1028,2,4.0,9.0,3,1,3997000.0
Lucknow,2986,5,1.0,27.0,5,2,9562000.0
Pune,1955,3,3.0,34.0,9,2,10714000.0
,2997,4,1.0,38.0,2,1,12870000.0
Delhi,2897,5,1.0,20.0,9,1,18737000.0
Bengaluru,3974,3,1.0,12.0,3,1,18779000.0
Delhi,2210,1,3.0,27.0,6,1,12517000.0
Pune,1695,4,1.0,19.0,6,1,8687000.0
Pune,2343,1,2.0,25.0,7,2,10960000.0
Mumbai,1069,3,1.0,29.0,9,0,11171000.0
Mumbai,891,5,2.0,28.0,4,1,8284000.0
Delhi,2317,3,3.0,9.0,2,1,13063000.0
Patna,3388,4,2.0,30.0,5,1,8874000.0
Pune,2366,3,2.0,21.0,7,0,10817000.0
Mumbai,3236,2,3.0,37.0,8,0,21219000.0
Patna,1122,2,3.0,26.0,8,1,4129000.0
,2072,3,1.0,35.0,4,2,11013000.0
Bengaluru,2645,1,4.0,39.0,10,2,15602000.0
Patna,1716,3,4.0,39.0,1,2,3766000.0
Mumbai,549,3,3.0,29.0,2,2,4487000.0
Delhi,757,5,3.0,23.0,1,1,5659000.0
Pune,3746,1,3.0,4.0,10,0,16547000.0
Delhi,2617,5,2.0,15.0,2,1,14424000.0
Pune,1426,3,2.0,19.0,7,2,8543000.0
Delhi,1405,4,2.0,31.0,9,1,10820000.0
Mumbai,638,3,1.0,23.0,8,2,8784000.0
Delhi,3806,2,4.0,17.0,10,0,22519000.0
Bengaluru,878,5,2.0,5.0,1,0,5943000.0
Mumbai,3158,2,2.0,28.0,5,0,19970000.0
Mumbai,1340,1,4.0,17.0,6,0,10568000.0
Patna,1674,4,3.0,1.0,7,1,6254000.0
Delhi,1458,4,3.0,11.0,7,1,11909000.0
Bengaluru,3385,5,1.0,35.0,6,1,17444000.0
Mumbai,614,3,2.0,4.0,4,0,6904000.0
Delhi,1733,1,3.0,16.0,2,1,9366000.0
Delhi,1477,1,2.0,20.0,5,0,9042000.0
Pune,1455,3,1.0,3.0,3,1,7127000.0
Delhi,1175,2,4.0,6.0,6,0,9508000.0
Patna,3693,5,2.0,37.0,8,0,9448000.0
Patna,1825,1,3.0,23.0,6,0,5518000.0
Mumbai,1963,5,2.0,8.0,6,0,16248000.0
Mumbai,1848,2,3.0,6.0,1,1,11910000.0
Mumbai,3930,1,4.0,17.0,7,1,25144000.0
Pune,1686,2,4.0,28.0,5,1,7821000.0
Mumbai,1695,1,1.0,29.0,2,1,9741000.0
Patna,1647,3,3.0,7.0,3,0,4322000.0
Lucknow,1644,2,4.0,29.0,8,0,6316000.0
Lucknow,814,3,3.0,35.0,10,2,4605000.0
Bengaluru,2614,3,1.0,9.0,6,2,15084000.0
Patna,588,1,1.0,1.0,10,0,3764000.0
Mumbai,1290,1,1.0,38.0,2,0,6230000.0
Bengaluru,1207,1,1.0,20.0,3,0,6272000.0
Delhi,1520,1,4.0,31.0,10,0,11438000.0
Patna,3148,1,4.0,12.0,2,0,7527000.0
Pune,2598,2,3.0,11.0,7,1,11874000.0
Lucknow,3967,3,3.0,9.0,3,2,11458000.0
Mumbai,1729,2,4.0,8.0,4,2,13070000.0
Patna,3749,2,2.0,18.0,5,2,9177000.0
Bengaluru,657,3,2.0,4.0,4,1,5901000.0
Bengaluru,2264,3,3.0,33.0,9,1,14038000.0
Patna,3295,2,2.0,20.0,10,1,9320000.0
Bengaluru,2361,2,1.0,36.0,6,0,11898000.0
Bengaluru,3766,3,3.0,20.0,6,1,19309000.0
Pune,1601,1,4.0,12.0,1,0,7073000.0
Mumbai,616,3,1.0,20.0,3,1,5420000.0
Delhi,3208,5,1.0,6.0,1,0,16209000.0
Delhi,738,2,2.0,32.0,9,2,9003000.0
Mumbai,3176,1,4.0,28.0,3,2,19286000.0
Patna,3066,4,3.0,5.0,4,2,7857000.0
Pune,3454,1,3.0,23.0,9,0,15122000.0
Delhi,2176,1,3.0,21.0,8,0,13326000.0
Bengaluru,3634,1,2.0,8.0,7,2,19541000.0
Bengaluru,1094,5,3.0,4.0,1,2,7311000.0
Pune,2020,5,1.0,30.0,6,1,9417000.0
Patna,926,3,1.0,10.0,6,0,4210000.0
Patna,3184,4,4.0,20.0,4,1,8482000.0
Bengaluru,2999,4,3.0,9.0,8,1,18164000.0
Delhi,3322,4,1.0,26.0,10,2,20747000.0
Bengaluru,3175,3,2.0,1.0,3,1,15977000.0
Pune,1579,5,1.0,14.0,4,0,7883000.0
Bengaluru,738,4,3.0,21.0,4,2,6725000.0
Pune,3752,1,4.0,17.0,9,2,16560000.0
Pune,2224,2,2.0,24.0,1,0,8511000.0
Delhi,830,5,2.0,7.0,9,0,10040000.0
Delhi,3744,3,1.0,17.0,8,0,21159000.0
Bengaluru,3979,2,2.0,30.0,5,2,19335000.0
Mumbai,2059,5,2.0,13.0,6,1,16445000.0
Mumbai,3195,4,1.0,6.0,9,1,23437000.0
Lucknow,627,3,2.0,33.0,8,2,3992000.0
Bengaluru,826,3,4.0,31.0,3,0,5354000.0
Delhi,1467,1,4.0,27.0,1,0,6915000.0
Pune,2796,2,2.0,31.0,7,2,12231000.0
Lucknow,966,3,4.0,31.0,2,1,3391000.0
Delhi,619,5,1.0,29.0,1,0,4156000.0
Lucknow,2840,2,4.0,20.0,10,2,10701000.0
Patna,3195,1,2.0,0.0,5,0,8223000.0
Pune,3087,3,3.0,23.0,7,2,13236000.0
Pune,3297,5,1.0,10.0,3,2,14189000.0
Mumbai,3309,3,4.0,30.0,2,2,19891000.0
Patna,2608,2,2.0,18.0,1,1,5928000.0
Bengaluru,2317,4,4.0,36.0,4,0,11982000.0
Patna,3499,4,1.0,,1,2,7886000.0
Pune,1718,2,3.0,22.0,5,1,8545000.0
Mumbai,842,5,1.0,36.0,4,1,7948000.0
Mumbai,3131,3,4.0,19.0,6,0,21382000.0
Pune,1465,1,2.0,,6,1,7303000.0
Pune,3925,3,3.0,14.0,4,1,15757000.0
Mumbai,1949,5,4.0,35.0,5,0,14394000.0
Lucknow,3481,2,3.0,30.0,1,2,9255000.0
Patna,648,3,1.0,6.0,4,0,2807000.0
Bengaluru,2807,4,1.0,19.0,10,2,17252000.0
Bengaluru,2068,4,1.0,14.0,10,2,14579000.0
Mumbai,2119,5,4.0,25.0,5,1,16104000.0
Lucknow,1428,1,4.0,2.0,10,0,7077000.0
Delhi,3899,3,2.0,28.0,6,1,20595000.0
Patna,1874,3,4.0,29.0,2,1,5013000.0
Bengaluru,3476,1,1.0,9.0,9,1,18699000.0
Pune,1987,4,3.0,6.0,5,0,9488000.0
Delhi,668,1,2.0,25.0,7,1,6112000.0
Mumbai,3577,3,1.0,10.0,7,0,23537000.0
Lucknow,1147,2,2.0,37.0,4,1,4204000.0
,1446,1,2.0,31.0,8,1,9057000.0
Bengaluru,3513,5,2.0,38.0,6,1,17870000.0
Patna,3628,2,1.0,21.0,4,2,9179000.0
Patna,3708,2,2.0,37.0,3,2,8273000.0
Patna,1990,5,1.0,0.0,8,2,6978000.0
Delhi,3149,5,4.0,11.0,3,2,17601000.0
Pune,1647,1,2.0,0.0,2,2,7433000.0
Patna,3091,2,1.0,27.0,9,0,8696000.0
Bengaluru,2258,4,3.0,20.0,4,0,12532000.0
Mumbai,681,4,4.0,11.0,7,1,9996000.0
Lucknow,1962,5,2.0,12.0,8,1,8111000.0
Bengaluru,2137,3,4.0,25.0,9,2,13974000.0
Pune,1400,1,3.0,7.0,7,0,7401000.0
Patna,1810,5,3.0,20.0,8,0,6697000.0
Pune,2259,1,,24.0,9,2,11266000.0
Bengaluru,673,1,1.0,9.0,10,2,7676000.0
Bengaluru,1031,4,2.0,9.0,1,0,6017000.0
Bengaluru,3183,4,4.0,14.0,8,0,18259000.0
Mumbai,1731,1,4.0,23.0,2,1,10439000.0
Lucknow,2629,1,4.0,10.0,9,1,9639000.0
,2480,3,4.0,15.0,1,0,7009000.0
Delhi,2429,2,2.0,21.0,3,1,12413000.0
Delhi,1946,4,2.0,7.0,2,2,11024000.0
Patna,2191,3,4.0,22.0,7,2,6251000.0
Mumbai,3383,3,3.0,5.0,1,2,20594000.0
Bengaluru,3877,3,2.0,5.0,1,1,18001000.0
Bengaluru,1398,2,2.0,9.0,6,2,9338000.0
Pune,2843,2,4.0,11.0,10,0,14106000.0
Mumbai,3894,4,1.0,1.0,6,0,25814000.0
Pune,526,3,1.0,38.0,5,0,3493000.0
Bengaluru,3246,3,3.0,12.0,7,2,18159000.0
Pune,2238,3,1.0,32.0,6,1,9488000.0
Mumbai,3886,2,1.0,36.0,4,0,22271000.0
Bengaluru,2523,5,4.0,32.0,6,2,14325000.0
Bengaluru,3433,3,2.0,33.0,1,0,15080000.0
Delhi,1081,4,3.0,4.0,3,1,7891000.0
Mumbai,997,5,2.0,14.0,7,0,11306000.0
Delhi,3743,5,1.0,29.0,4,0,19202000.0
Delhi,2342,4,1.0,23.0,1,0,11896000.0
Mumbai,2454,4,4.0,0.0,2,0,16234000.0
Patna,1094,3,1.0,22.0,9,1,4325000.0
Bengaluru,1293,4,3.0,32.0,4,0,7904000.0
Lucknow,3363,2,2.0,33.0,1,0,8988000.0
Patna,1561,4,2.0,15.0,8,1,6273000.0
Mumbai,2544,1,4.0,9.0,6,1,18118000.0
Pune,1607,5,3.0,12.0,5,1,9295000.0
,1422,2,3.0,,9,1,5386000.0
Pune,1081,4,2.0,13.0,4,2,6675000.0
Bengaluru,3753,1,2.0,12.0,6,2,18793000.0
Bengaluru,3790,1,3.0,18.0,8,0,19830000.0
Mumbai,903,5,1.0,1.0,7,2,10625000.0
Bengaluru,1736,5,1.0,11.0,3,1,9741000.0
Patna,2473,2,3.0,12.0,7,1,7389000.0
Patna,1841,1,3.0,6.0,8,2,5739000.0
Mumbai,3023,5,1.0,35.0,2,0,17837000.0
Lucknow,1410,5,,27.0,2,1,5270000.0
Delhi,705,1,3.0,36.0,7,2,6279000.0
Patna,1679,4,1.0,22.0,2,2,4139000.0
Mumbai,2592,2,4.0,4.0,9,0,20235000.0
Patna,1132,4,4.0,36.0,2,1,2887000.0
Lucknow,3355,3,2.0,18.0,10,0,11470000.0
Mumbai,542,1,2.0,27.0,7,0,6463000.0
Mumbai,736,2,2.0,15.0,5,0,7162000.0
Lucknow,2280,3,3.0,19.0,3,1,7713000.0
Mumbai,2292,4,1.0,19.0,4,2,15637000.0
Bengaluru,1532,1,2.0,11.0,8,1,10994000.0
Patna,1404,5,1.0,22.0,8,1,4924000.0
Pune,744,4,1.0,29.0,3,2,4199000.0
Bengaluru,2820,5,2.0,0.0,6,1,17043000.0
Bengaluru,1826,5,3.0,5.0,10,2,14868000.0
Mumbai,915,1,4.0,33.0,3,1,6440000.0
Patna,1899,1,1.0,22.0,7,0,5585000.0
Delhi,3779,4,1.0,38.0,2,1,18229000.0
Delhi,1414,1,2.0,24.0,9,1,10450000.0
Delhi,3631,1,3.0,26.0,2,1,17538000.0
Patna,1405,3,4.0,35.0,3,2,4656000.0
Mumbai,1150,5,3.0,26.0,5,0,10482000.0
Patna,1412,4,3.0,13.0,4,1,4802000.0
Lucknow,1631,3,1.0,21.0,2,1,5196000.0
Lucknow,922,1,1.0,9.0,7,0,3788000.0
Patna,2556,2,1.0,13.0,1,1,6012000.0
Lucknow,1667,4,3.0,27.0,10,2,7251000.0
Patna,3013,1,2.0,5.0,1,1,6695000.0
Mumbai,2218,3,1.0,26.0,4,0,14969000.0
Lucknow,2049,1,3.0,23.0,10,0,7761000.0
Pune,2148,2,,12.0,2,1,8554000.0
Pune,1047,2,2.0,1.0,1,2,5379000.0
,2995,4,4.0,28.0,8,0,8193000.0
Patna,864,5,3.0,32.0,1,0,2303000.0
Lucknow,3025,1,3.0,29.0,9,2,10612000.0
Bengaluru,3999,4,4.0,16.0,5,0,20381000.0
Bengaluru,3173,4,1.0,26.0,9,0,17235000.0
Bengaluru,2093,5,4.0,16.0,3,0,11951000.0
Bengaluru,1600,5,4.0,14.0,2,2,9626000.0
Bengaluru,3553,1,4.0,13.0,10,1,20719000.0
Mumbai,1400,4,3.0,8.0,8,0,13620000.0
Mumbai,2188,3,4.0,38.0,10,0,17955000.0
Lucknow,3198,1,4.0,26.0,4,2,10057000.0
Bengaluru,3728,2,4.0,6.0,5,2,19155000.0
Patna,3723,5,4.0,34.0,6,0,9573000.0
Pune,807,3,4.0,6.0,5,0,5764000.0
Mumbai,3643,2,2.0,23.0,3,0,20914000.0
Mumbai,899,2,3.0,6.0,4,2,8886000.0
Delhi,2545,5,2.0,14.0,7,0,16107000.0
Patna,3753,2,4.0,26.0,1,0,8193000.0
Delhi,2791,1,4.0,39.0,4,1,14209000.0
Bengaluru,3816,3,4.0,39.0,3,1,17785000.0
Patna,1705,5,3.0,35.0,1,1,4339000.0
Patna,1601,1,2.0,9.0,2,2,3989000.0
Delhi,1641,2,1.0,3.0,5,0,10269000.0
Mumbai,1743,3,3.0,36.0,2,1,10770000.0
Mumbai,2889,1,3.0,36.0,4,1,17273000.0
Mumbai,2083,4,3.0,11.0,6,0,16029000.0
Delhi,3081,2,3.0,0.0,9,2,19932000.0
Pune,1956,1,4.0,25.0,1,1,6543000.0
Patna,1577,2,1.0,3.0,5,1,4627000.0
Bengaluru,1165,5,2.0,1.0,2,2,7968000.0
Pune,2428,5,3.0,37.0,5,0,10180000.0
Delhi,3644,3,4.0,19.0,5,2,20743000.0
Lucknow,3506,3,4.0,4.0,8,2,12154000.0
Pune,1386,5,4.0,26.0,5,0,7515000.0
Patna,2171,1,,14.0,10,2,7112000.0
Patna,2968,4,4.0,21.0,2,2,7469000.0
Delhi,2643,4,3.0,35.0,1,1,12591000.0
Mumbai,735,4,1.0,9.0,1,1,6026000.0
Delhi,2568,2,3.0,25.0,4,2,13793000.0
Bengaluru,635,4,3.0,33.0,2,0,3972000.0
Patna,907,4,1.0,16.0,1,0,1624000.0
Bengaluru,2788,5,4.0,38.0,3,1,13685000.0
Lucknow,858,1,3.0,17.0,10,2,5766000.0
Pune,1686,4,4.0,18.0,9,1,10372000.0
Delhi,2559,5,1.0,35.0,1,0,12798000.0
Delhi,2794,2,4.0,25.0,10,1,18451000.0
Pune,2060,4,2.0,34.0,3,0,8465000.0
Pune,829,1,3.0,31.0,5,2,4529000.0
Bengaluru,3296,4,3.0,28.0,4,1,16195000.0
Delhi,3824,4,3.0,9.0,5,1,21669000.0
Lucknow,3610,1,4.0,15.0,8,1,11689000.0
Mumbai,3119,1,1.0,34.0,8,2,21589000.0
Patna,1907,4,,24.0,6,2,5872000.0
Delhi,3566,2,4.0,11.0,7,1,21234000.0
Mumbai,2208,3,1.0,13.0,8,1,17287000.0
Bengaluru,977,1,2.0,31.0,2,0,4969000.0
Bengaluru,3476,5,2.0,7.0,4,1,18816000.0
Bengaluru,1620,3,3.0,4.0,2,1,8861000.0
Bengaluru,3785,5,4.0,30.0,8,1,20647000.0
Patna,1789,1,4.0,11.0,5,2,5049000.0
Bengaluru,3542,2,4.0,30.0,7,2,18241000.0
Bengaluru,2380,4,2.0,21.0,6,1,13927000.0
,2135,4,3.0,39.0,3,1,10751000.0
Mumbai,1539,4,1.0,20.0,2,0,10144000.0
Pune,3424,5,2.0,34.0,10,1,15947000.0
Delhi,712,5,1.0,34.0,3,2,4892000.0
Pune,2141,1,1.0,8.0,2,2,8868000.0
Mumbai,1791,2,4.0,39.0,4,2,12075000.0
Patna,2401,5,4.0,29.0,10,1,8157000.0
Bengaluru,1390,3,3.0,4.0,3,2,9145000.0
Patna,2826,5,1.0,0.0,10,2,9729000.0
Bengaluru,1850,3,1.0,10.0,5,1,10913000.0
Mumbai,1158,1,1.0,0.0,9,0,11155000.0
Lucknow,1189,3,3.0,14.0,7,1,5590000.0
Pune,2937,5,1.0,39.0,1,2,10833000.0
Lucknow,1416,4,2.0,19.0,6,1,5470000.0
Bengaluru,1575,1,4.0,0.0,5,2,10387000.0
Pune,2694,2,4.0,19.0,3,2,10851000.0
Patna,1654,5,4.0,8.0,6,0,5313000.0
Pune,1858,5,2.0,34.0,2,2,8026000.0
Delhi,1355,4,3.0,3.0,7,1,11209000.0
Pune,1708,1,1.0,30.0,9,2,8681000.0
